,Title,Published_date,Views,Likes,Favourites,Comments,Month
0,Sanjeev Sanyal Explains The CORRECT Way Of Tax Collection #shorts,2025-02-01,902,193,0,1,Feb
1,ISRO Chairman Dr. S. Somanath OPENS UP About Sunita Williams #shorts,2025-02-01,920,643,0,4,Feb
2,Dr. S. Somanath OPENS UP About ISRO's Mindset #shorts,2025-02-01,5719,694,0,4,Feb
3,Why Did Ravan Go On A Retreat? ft. Yashodeep Deodhar #shorts,2025-01-31,23335,1546,0,11,Jan
4,MUST-VISIT Holy Places In Sri Lanka - Yashodeep Deodhar #shorts,2025-01-31,13898,1015,0,6,Jan
5,The POWER Of Vanar Sena In The Ramayana - Yashodeep Deodhar #shorts,2025-01-31,38652,3137,0,19,Jan
6,What Happened After Ravan's Death? ft. Yashodeep Deodhar #shorts,2025-01-31,40262,3288,0,5,Jan
7,Was Vibhishana A TRAITOR? ft. Yashodeep Deodhar #shorts,2025-01-31,19328,1303,0,12,Jan
8,The REALITY Of Ravan's Behaviour Towards Women - Yashodeep Deodhar #shorts,2025-01-31,71943,4694,0,97,Jan
9,The REAL TRUTH About The Valmiki Ramayana - Yashodeep Deodhar #shorts,2025-01-31,23970,1636,0,12,Jan
10,Working Smart vs. Working Hard - Marisa Peer #shorts,2025-01-31,7014,436,0,4,Jan
11,Will Virat Kohli Continue To Thrive After His 40s? ft. Muttiah Muralitharan #shorts,2025-01-31,14051,807,0,4,Jan
12,Shayamal Vallabhjee OPENS UP About Jasprit Bumrah Facing Trolling #shorts,2025-01-31,5657,324,0,4,Jan
13,What Does Open Source Mean? ft. Fabien Pinckaers #shorts,2025-01-30,17179,758,0,5,Jan
14,"""God Gave Each And Every One Of Us A Gift"" - Ronnie Coleman #shorts",2025-01-29,11476,711,0,3,Jan
15,The BEST Example of Devotion and Respect in the Ramayana - Yashodeep Deodhar #shorts,2025-01-29,140987,10320,0,54,Jan
16,BEST LIFE LESSONS From Valmiki's Ramayana - Yashodeep Deodhar #shorts,2025-01-28,31729,2006,0,12,Jan
17,Shri Ram's And Sita Maa's Last Year Of Vanvas - Yashodeep Deodhar #shorts,2025-01-28,99662,5453,0,17,Jan
18,How Did Hanuman Ji ACTUALLY Go To Lanka? ft. Yashodeep Deodhar #shorts,2025-01-28,252618,14225,0,193,Jan
19,How Maharshi Valmiki Describes Hanuman Ji's Enormous Figure - Yashodeep Deodhar #shorts,2025-01-28,152959,10533,0,168,Jan
20,The TRUTH About The Vanaras - Yashodeep Deodhar #shorts,2025-01-28,117711,7136,0,70,Jan
21,The Story Of A Misunderstanding Between Sugriva And Bali - Yashodeep Deodhar #shorts,2025-01-28,32347,2008,0,2,Jan
22,The REALITY Of A Mountain With A Trishul On It - Yashodeep Deodhar #shorts,2025-01-28,63466,4742,0,97,Jan
23,Hanuman - The Story They Don't Teach Us | Ramayana Part 3 With Yashodeep Deodhar | TRS,2025-01-28,356547,10903,0,898,Jan
24,WHY You Should Consider Going to the Himalayas for Your Sadhana - Yuvraj Srivastava #shorts,2025-01-28,60984,2944,0,21,Jan
25,The REALITY Of Temples In Kashmir - Yuvraj Srivastava #shorts,2025-01-28,331767,19419,0,246,Jan
26,A Message to Those Practising Naam Jaap - Yuvraj Srivastava #shorts,2025-01-27,41193,2408,0,16,Jan
27,Yuvraj OPENS UP About His Close Connection With Hanuman Ji #shorts,2025-01-26,101749,6110,0,33,Jan
28,What Does Lord Kaal Bhairava See Us As? ft. Yuvraj Srivastava #shorts,2025-01-26,157775,8957,0,79,Jan
29,Yuvraj Srivastava REVEALS The Story Of A 1000-Year-Old Sadhu #shorts,2025-01-26,503112,30336,0,581,Jan
30,Vantara- Anant Ambani's Dream Project #shorts,2025-01-24,70305,3093,0,20,Jan
31,The Lifestyle Of Elephants In Vantara #shorts,2025-01-24,164703,9737,0,47,Jan
32,Vantara: The Biggest Wildlife Rescue Center In India #shorts,2025-01-24,21019,1479,0,7,Jan
33,Forrest Galante OPENS UP About The Hippos in Vantara #shorts,2025-01-24,17256,859,0,4,Jan
34,A Film By Team BeerBiceps ❤️ #shorts,2025-01-24,19184,787,0,6,Jan
35,"EXCLUSIVE Vlog - Anant Ambani's Vantara - Animals, Experiences & Emotions",2025-01-24,1157467,40395,0,1273,Jan
36,The MOST VALUABLE Lesson from the Ramayana - Yashodeep Deodhar #shorts,2025-01-24,19691,1520,0,7,Jan
37,Which Country Has The Most Beautiful Girls In The World? ft. Chris Betzman #shorts,2025-01-23,3117490,141471,0,945,Jan
38,Chris Betzman OPENS UP About Tourism In Pakistan #shorts,2025-01-23,49614,1525,0,14,Jan
39,The 3 IMPORTANT NEEDS In A Marriage - Marisa Peer #shorts,2025-01-22,136314,8124,0,25,Jan
40,Ayodhya In Shri Ram's Era - Yashodeep Deodhar #shorts,2025-01-22,15540,1423,0,11,Jan
41,The Hard TRUTH Of Your Life In The 80's - Alan Baddeley #shorts,2025-01-21,16460,631,0,1,Jan
42,BEST Life Advice For Young Men - Alan Baddeley #shorts,2025-01-21,16422,793,0,4,Jan
43,Good Stress And Bad Stress EXPLAINED - Alan Baddeley #shorts,2025-01-21,14161,686,0,3,Jan
44,BEST Relationship Advice From A 90-Year-Old - Alan Baddeley #shorts,2025-01-21,232662,12092,0,28,Jan
45,Hippie Movement EXPLAINED - Alan Baddeley #shorts,2025-01-21,14269,355,0,1,Jan
46,How REALLY Does Human Memory Work? ft. Alan Baddeley #shorts,2025-01-21,11808,743,0,6,Jan
47,Alan Baddeley On His World War II Experience #shorts,2025-01-21,13445,747,0,5,Jan
48,90-Year-Old Psychologist’s Life Advice to Young People | Brain Expert Dr. Alan Baddeley | TRS,2025-01-21,130915,4594,0,277,Jan
49,"""Hugging Is A Very Primal Requirement"" - R. Madhavan #shorts",2025-01-21,51468,2835,0,12,Jan
50,The REALITY Of Entrepreneurship in North East - Rami Niranjan Desai #shorts,2025-01-21,8401,353,0,1,Jan
51,What Is Nagaland Like? ft. Rami Niranjan Desai #shorts,2025-01-21,15672,645,0,3,Jan
52,Why Should You Invest In Cryptocurrency? ft. Raj Gokal #shorts,2025-01-20,12120,484,0,5,Jan
53,The MOST IMPORTANT Learning From Ramayana - Yashodeep Deodhar #shorts,2025-01-20,19678,1694,0,11,Jan
54,China and India's Love for Tiktok - Mary Lee,2025-01-19,20815,616,0,4,Jan
55,The REALITY Of Pagan Religion - Trevor Rooney #shorts,2025-01-17,22479,679,0,6,Jan
56,Has The History We Have Learned Been Altered? ft. Peter Grey #shorts,2025-01-17,24451,1140,0,13,Jan
57,Do Magicians Attract Issues Too? ft. Peter Grey #shorts,2025-01-17,27160,987,0,9,Jan
58,Peter Grey DISCUSSES About Human Evolution #shorts,2025-01-17,21837,967,0,1,Jan
59,3 Things To Stay Happy In Life REVEALED - Marisa Peer #shorts,2025-01-17,27583,1604,0,7,Jan
60,Magic EXPLAINED Under 15 Seconds - Peter Grey #shorts,2025-01-16,12125,483,0,5,Jan
61,How Indian Tantra Reached Europe - Peter Grey #shorts,2025-01-16,104898,3555,0,32,Jan
62,Is The Concept Of Genie Common In Western Traditions? ft. Peter Grey #shorts,2025-01-16,28755,931,0,5,Jan
63,Peter Grey Talks About The Process Of Worshiping The Babalon Deity #shorts,2025-01-16,53408,1577,0,23,Jan
64,Do Western Magicians Use Indian Tantra? ft. Peter Grey #shorts,2025-01-16,16007,633,0,6,Jan
65,Peter Grey SHARES About The Babalon Deity #shorts,2025-01-16,24745,793,0,3,Jan
66,Does Europe Have A Broken Tradition? ft. Peter Grey #shorts,2025-01-16,584073,20525,0,245,Jan
67,White Magic vs Black Magic - Peter Grey #shorts,2025-01-16,11686,425,0,20,Jan
68,SCARIEST Encounters With Spirits - Peter Grey #shorts,2025-01-16,8842,439,0,5,Jan
69,Peter Grey OPENS UP About A Conversation Between Carl Jung and Sigmund Freud #shorts,2025-01-16,8618,335,0,2,Jan
70,Meeting The REAL-LIFE Shershaah - Nitin Gokhale #shorts,2025-01-15,23258,1187,0,5,Jan
71,Trevor Rooney's SCARIEST Ghost Experience #shorts,2025-01-15,7759,375,0,2,Jan
72,How Do You Attract And Communicate With The Supernatural? ft. Trevor Rooney #shorts,2025-01-15,12945,424,0,7,Jan
73,Who EXACTLY Are Mischievous Spirits? ft. Trevor Rooney #shorts,2025-01-14,11949,446,0,5,Jan
74,Is Rajasthan Haunted? ft. Trevor Rooney #shorts,2025-01-14,26562,1316,0,8,Jan
75,Trevor Rooney SHARES His Encounter With A Ghost #shorts,2025-01-14,18153,803,0,7,Jan
76,The MOST HAUNTED City Of Europe REVEALED - Trevor Rooney #shorts,2025-01-14,14781,629,0,14,Jan
77,Is Witchcraft REAL? ft. Trevor Rooney #shorts,2025-01-14,16644,888,0,11,Jan
78,Rajarshi Nandy OPENS UP About The Sadhus In Kumbh Mela #shorts,2025-01-14,839122,38327,0,56,Jan
79,SCARY BRITISH HORROR STORIES - Paranormal Expert Trevor Rooney on TRS,2025-01-14,413772,12096,0,759,Jan
80,@MrBeast OPENS UP About His Mom #shorts,2025-01-13,20810,1080,0,9,Jan
81,Does @MrBeast Carry Pressure On His Heart? #shorts,2025-01-13,18278,935,0,10,Jan
82,@MrBeast On How Badly He Wanted To Be A YouTuber #shorts,2025-01-13,11902,774,0,8,Jan
83,The Struggles That Shaped @MrBeast Into Who He Is Today #shorts,2025-01-13,9999,740,0,8,Jan
84,İlkay Gündoğan on Why He Never Missed a Clásico #shorts,2025-01-11,13499,985,0,7,Jan
85,İlkay Gündoğan SHARES His Experience of the El Clásico Score #shorts,2025-01-11,10179,681,0,4,Jan
86,The NEED for a Shift in India's Football Industry - İlkay Gündoğan #shorts,2025-01-11,45648,4114,0,54,Jan
87,İlkay Gündoğan OPENS UP About Pep Guardiola's Mindset #shorts,2025-01-11,12430,807,0,3,Jan
88,İlkay Gündoğan SHARES Why Winning Is A Challenge #shorts,2025-01-11,7657,580,0,2,Jan
89,İlkay Gündoğan's REAL Conversations With His Teammates #shorts,2025-01-11,30284,2275,0,25,Jan
90,"İlkay Gündoğan’s FIRST Indian Podcast | LEGENDARY Footballer On TRS | Matches, Transfers & More",2025-01-11,331208,19380,0,1863,Jan
91,The Majestic Appearance Of Shri Ram & Laxman - Yashodeep Deodhar #shorts,2025-01-11,594124,47823,0,365,Jan
92,The Conspiracy Theory Of Lal Bahadur Shastri REVEALED - Dr. Vikram Sampath #shorts,2025-01-11,10803,612,0,5,Jan
93,The REAL REASON Why Vishnu Is Called 'The Sustainer?' - Vinay Varanasi #shorts,2025-01-10,11676,1093,0,7,Jan
94,80% Of Illegal Materials Removed From P*rnHub - Dr. Jo Clarke #shorts,2025-01-09,15638,592,0,4,Jan
95,Can Technology Save Us From Future Disasters? ft. Krishnamurthy Subramaniam #shorts,2025-01-09,36009,1269,0,10,Jan
96,Understanding The Reason Behind An Athlete's Success - Marisa Peer #shorts,2025-01-09,31622,1951,0,2,Jan
97,How Many Days Does It Take for the Brain to Change Taste Buds? ft. Marisa Peer #shorts,2025-01-09,39207,2039,0,9,Jan
98,A Positive Affirmation for Anyone on Their Weight Loss Journey - Marisa Peer #shorts,2025-01-09,124338,5655,0,18,Jan
99,How Sita Maa Was Actually Born? ft. Yashodeep Deodhar #shorts,2025-01-09,70240,4319,0,24,Jan
100,Laxman Could've Lived As A Prince - Yashodeep Deodhar Shares His Selfless Choice #shorts,2025-01-09,41632,3295,0,8,Jan
101,How Directing Your Mind Can Lead You To Success - Marisa Peer #shorts,2025-01-08,185730,9573,0,26,Jan
102,A HACK To Trick Your Brain - Marisa Peer #shorts,2025-01-08,170305,13080,0,30,Jan
103,The Connection Between Weight Loss and Emotions - Marisa Peer #shorts,2025-01-08,47869,1681,0,4,Jan
104,Mind-Blowing Secrets Of Alpha Brainwaves REVEALED - Marisa Peer #shorts,2025-01-08,57236,4050,0,7,Jan
105,Why Working Hard for Success Is Absolutely Worth It - Marisa Peer #shorts,2025-01-08,14409,905,0,4,Jan
106,Can Money Buy Happiness? The TRUTH REVEALED - Marisa Peer #shorts,2025-01-08,37574,2033,0,11,Jan
107,The HARSH REALITY Of Growing Up - Marisa Peer #shorts,2025-01-08,57295,2373,0,5,Jan
108,The IMPORTANCE Of Having A Balance - Marisa Peer #shorts,2025-01-08,20511,1230,0,4,Jan
109,Can Dark Circles Go Away With Sleep? REVEALED ft. Marisa Peer #shorts,2025-01-08,114311,4409,0,21,Jan
110,What's The REAL Perspective Of The Locals On The Indo-China Situation? ft. Mary Lee #shorts,2025-01-07,92845,3082,0,63,Jan
111,Rajarshi Nandy EXPLAINS The Concept Of Ashtami #shorts,2025-01-07,50979,1998,0,13,Jan
112,Rio Ferdinand OPENS UP About Bringing Cristiano Ronaldo To India #shorts,2025-01-07,48014,2992,0,26,Jan
113,Palki Sharma Shares A Personal Interviewing Incident #shorts,2025-01-07,52080,2422,0,23,Jan
114,What Is Ranbir Kapoor Like? Ft. Vaani Kapoor.#shorts,2025-01-06,30879,1306,0,14,Jan
115,Here's What People Don't Know About Ranbir Kapoor - Kareena Kapoor.#shorts,2025-01-06,95491,3171,0,19,Jan
116,Rio Ferdinand Discusses The Growth Of Football In India #shorts,2025-01-05,141611,10639,0,56,Jan
117,Rio Ferdinand OPENS UP About The Football Culture In India #shorts,2025-01-05,95335,7080,0,38,Jan
118,Are FIFA Ratings Accurate? REVEALED ft. Rio Ferdinand #shorts,2025-01-05,52501,1961,0,6,Jan
119,Rio Ferdinand On Playing Table Tennis With Cristiano Ronaldo #shorts,2025-01-05,22721,1140,0,2,Jan
120,How Playing FIFA Can Enhance Your Understanding of a Player - Rio Ferdinand #shorts,2025-01-05,118691,5711,0,35,Jan
121,Rio Ferdinand Talks About His Visit to India #shorts,2025-01-05,33990,1675,0,8,Jan
122,Rio Ferdinand OPENS UP About His Toughest Games #shorts,2025-01-04,120676,6164,0,70,Jan
123,Rio Ferdinand SHARES His Memorable Champions League Win #shorts,2025-01-04,53548,3676,0,14,Jan
124,Who Is Your Favourite? Cristiano Or Messi? ft. Rio Ferdinand #shorts,2025-01-04,713269,41614,0,1330,Jan
125,Ranveer's Childhood Hero - Rio Ferdinand #shorts,2025-01-04,432237,33234,0,123,Jan
126,Bringing Cristiano Ronaldo to India - Rio Ferdinand #shorts,2025-01-04,251510,17454,0,313,Jan
127,Rio Ferdinand Shares His Experience Of Watching A Funeral #shorts,2025-01-04,25967,1486,0,4,Jan
128,Rio Shares His Thoughts on India - Rio Ferdinand #shorts,2025-01-04,93874,4660,0,26,Jan
129,Conversations With Cristiano Ronaldo - Rio Ferdinand #shorts,2025-01-04,32332,1470,0,7,Jan
130,Manchester United's Winning Mentality - Rio Ferdinand #shorts,2025-01-04,55285,3647,0,43,Jan
131,Indian Cricket Team Enjoys Watching Football - Rio Ferdinand .#shorts,2025-01-04,379448,22046,0,158,Jan
132,Rio Ferdinand Talks About Sachin Tendulkar - Rio Ferdinand #shorts,2025-01-04,18985,1136,0,12,Jan
133,A Discussion on Kohli's Innings - Rio Ferdinand #shorts,2025-01-04,20598,1013,0,5,Jan
134,Rio OPENS UP About Watching Cricket - Rio Ferdinand #shorts,2025-01-04,239872,18196,0,64,Jan
135,Rio Ferdinand - King Of FIFA #shorts,2025-01-04,32892,1815,0,8,Jan
136,Ranveer REVEALS TRS' New Logo As It Goes International - Rio Ferdinand #shorts,2025-01-04,413301,27582,0,81,Jan
137,THE BEST Pair Of Manchester United - Rio Ferdinand #shorts,2025-01-04,20005,1431,0,9,Jan
138,Here's Why Manchester United Needs A Sense Of Fear - Rio Ferdinand #shorts,2025-01-04,15219,964,0,15,Jan
139,"Rio Ferdinand - Manchester United, FIFA, Sports Mentality & Playing With Ronaldo | The Ranveer Show",2025-01-04,407441,21249,0,1986,Jan
140,Do You Cry In Front Of Your Girlfriend? FT. Mr Beast #shorts,2025-01-03,70035,2650,0,19,Jan
141,Message To All The Females Out There. #shorts,2025-01-03,103041,7119,0,29,Jan
142,Women Can Do Anything - PV Sindhu #shorts,2025-01-03,37764,1485,0,10,Jan
143,@MrBeast On Manifestation And Achieving His Dreams #shorts,2025-01-02,14368,779,0,3,Jan
144,@MrBeast Discusses India And Indian Content Creators #shorts,2025-01-02,13248,621,0,7,Jan
145,Michael Vaughan On Players Who Have Transcended The Indian Cricket #shorts,2025-01-02,14651,545,0,5,Jan
146,KL Rahul EXPLAINS Rohit Sharma's Captaincy #shorts,2025-01-02,17415,818,0,13,Jan
147,Western Medicine vs. Ayurveda - Dr. Chiti Parikh #shorts,2025-01-01,22463,906,0,7,Jan
148,What Does Ayurveda Say About Food? ft. Dr. Chiti Parikh #shorts,2025-01-01,91371,2414,0,13,Jan
149,THE BEST Ancient Age-Reversing Technique - Dr. Chiti Parikh #shorts,2025-01-01,424319,22863,0,136,Jan
150,What Has Been The Biggest Limitation In Stem Cell Research? ft. Dr. Chiti Parikh #shorts,2025-01-01,57848,2444,0,10,Jan
151,Can Loneliness Be A Cause Of Heart Diseases? ft. Dr. Chiti Parikh #shorts,2025-01-01,11149,613,0,6,Jan
152,The Interrelation Between Hookup Culture And Loneliness EXPLAINED - Dr. Chiti Parikh #shorts,2025-01-01,55370,1555,0,1,Jan
153,How Can Love And Cuddling POSITIVELY Impact Your Epigenetic Profile? ft. Dr. Chiti Parikh #shorts,2025-01-01,26182,1335,0,0,Jan
154,Four Stages Of Panchkarma REVEALED - Dr. Chiti Parikh #shorts,2025-01-01,49005,3467,0,25,Jan
155,"Doctor To Billionaires & Celebrity, Dr. Chiti Parikh | 2025 FITNESS HACKS | The Ranveer Show",2025-01-01,503792,10694,0,666,Jan
156,Why Focusing On Transaction Taxes Can Be Beneficial - Nikhil Kamath #shorts,2024-12-31,18991,846,0,14,Dec
157,Is Homosexuality Common Among Prisoners? ft. Dr.Jo Clarke #shorts,2024-12-31,90469,1880,0,23,Dec
158,Arjun Rampal Discusses His Life In Goa #shorts,2024-12-30,49104,2262,0,9,Dec
159,Shayamal Vallabhjee Opens Up About Jasprit Bumrah Facing Trolling #shorts,2024-12-30,71214,2580,0,4,Dec
160,"Walking into 2025 with gratitude, growth, and lessons learned #shorts",2024-12-30,440346,20129,0,96,Dec
161,Why Being In A Prison Isn't Easy - Dr. Jo Clarke #shorts,2024-12-30,13779,486,0,3,Dec
162,Dr. Jo Clarke Opens Up About the Dangers She Faced in Prison With Criminals #shorts,2024-12-30,175611,6574,0,9,Dec
163,Dr. Jo Clarke Discusses The Mindset Of Mu*derers While Committing Mu*ders #shorts,2024-12-30,38865,1176,0,7,Dec
164,Dr. Jo Clarke Shares A Disturbing Story From Her Pregnancy At The Unit #shorts,2024-12-29,57558,2021,0,3,Dec
165,The REAL Mentality Of Mu*derers - Dr. Jo Clarke #shorts,2024-12-29,31653,1100,0,2,Dec
166,Do Serial Killers Also Go Through Trauma In Their Childhood? ft. Dr. Jo Clarke #shorts,2024-12-29,20397,755,0,2,Dec
167,The Pros And Cons Of Being A Criminal Psychologist - Dr. Jo Clarke #shorts,2024-12-29,38734,1539,0,9,Dec
168,Why Are People Obsessed With The Subject Of Crime? REVEALED - Dr. Jo Clarke #shorts,2024-12-29,7461,259,0,0,Dec
169,Are There Some Prisoners Who Are Happy To Be In Prison? ft. Dr. Jo Clarke #shorts,2024-12-29,13134,472,0,2,Dec
170,The REAL Mindset Of Offenders After Committing A Crime - Dr. Jo. Clarke #shorts,2024-12-29,7507,231,0,0,Dec
171,What EXACTLY Goes On In The Minds Of Prisoners? ft. Dr. Jo Clarke #shorts,2024-12-29,7251,271,0,1,Dec
172,Dr. Jo Clarke OPENS UP About Four Types Of Men Who Committed S*xual Mu*der #shorts,2024-12-29,19984,710,0,4,Dec
173,Who TRULY Was Jack The Ripper? ft. Dr. Jo Clarke #shorts,2024-12-29,10884,488,0,2,Dec
174,Do Criminals Fall In Love? ft. Dr. Jo Clarke #shorts,2024-12-29,73424,2466,0,5,Dec
175,What Is A Psychopathic Person Like? ft. Dr. Jo Clarke #shorts,2024-12-29,29751,1098,0,12,Dec
176,Debunking Common Myths About S*x and Bodybuilding - Ronnie Coleman #shorts,2024-12-29,12663,391,0,7,Dec
177,How Alcohol Affects Women Differently? ft. Dr. Abby Philips #shorts,2024-12-29,42431,1190,0,14,Dec
178,Naval Ravikant SHARES What He Likes About Hinduism #shorts,2024-12-29,8090,432,0,5,Dec
179,Naval Ravikant Talks About Love ❤️ #shorts,2024-12-29,12652,714,0,4,Dec
180,Can You Start Sadhana While Having Alcohol & Non-Veg? ft. Bhavesh Bhimanathani #shorts,2024-12-28,15096,712,0,8,Dec
181,Things To Keep In Mind Before Starting Bhairava Sadhana - Bhavesh Bhimanathani #shorts,2024-12-28,31377,2271,0,14,Dec
182,The Story Of When Shri Ram Left Ayodhya - Yashodeep Deodhar #shorts,2024-12-28,10144,612,0,3,Dec
183,What EXACTLY Does 'Sita' Mean? ft. Yashodeep Deodhar #shorts,2024-12-28,46759,2013,0,13,Dec
184,The Truth Behind Ravana’s 10 Heads REVEALED - Yashodeep Deodhar #shorts,2024-12-28,20618,886,0,4,Dec
185,Values To Learn From Ramayana - Yashodeep Deodhar #shorts,2024-12-28,19631,1715,0,2,Dec
186,THE REALITY Of How Energies Intensify At Manikarnika Ghat - Bhavesh Bhimanathani #shorts,2024-12-28,129059,4799,0,14,Dec
187,Bhavesh Bhimanathani OPENS UP About His Paranormal Experience With An  Aghori #shorts,2024-12-28,9781,491,0,0,Dec
188,Dr. Anand Ranganathan SHARES How Dr. Manmohan Singh Was A Rare Entity #shorts,2024-12-27,14466,1054,0,4,Dec
189,Dr. Raghuram Rajan OPENS UP about Dr. Manmohan Singh #shorts,2024-12-27,63301,1690,0,30,Dec
190,Ranveer Shares His Experience On Meeting With Salman Khan #shorts,2024-12-27,29698,1414,0,7,Dec
191,Milind Deora Opens Up About Manmohan Singh #shorts,2024-12-27,15244,865,0,11,Dec
192,Never Give Up - Chiyaan Vikram #shorts,2024-12-27,20009,1406,0,4,Dec
193,"""I Can Do All Things Through Christ Who Strengthens Me"" (Philippians 4:13)    #shorts",2024-12-25,17656,583,0,5,Dec
194,What EXACTLY Are The 9 Gifts Of Christianity? ft. Salvador Furtado #shorts,2024-12-25,24117,747,0,5,Dec
195,What Is The Golden Rule As Mentioned By Jesus Christ? ft. Robert Svoboda #shorts,2024-12-25,19942,907,0,14,Dec
196,@Mrwhosetheboss Shares About What Makes A Relationship Truly Beautiful #shorts,2024-12-24,22026,940,0,6,Dec
197,@Mrwhosetheboss Opens Up About Wanting Kids In The Future #shorts,2024-12-24,22092,709,0,8,Dec
198,What Is @Mrwhosetheboss Most Curious About Regarding Other YouTubers? #shorts,2024-12-24,15738,609,0,2,Dec
199,What Phone Does @Mrwhosetheboss Use? #shorts,2024-12-24,1968228,124414,0,554,Dec
200,What Is The Most Used App Of @Mrwhosetheboss? #shorts,2024-12-24,25757,916,0,4,Dec
201,@Mrwhosetheboss Talks About Dealing With Burnout As A Content Creator #shorts,2024-12-24,11516,498,0,4,Dec
202,What Is The END GOAL Of @Mrwhosetheboss? #shorts,2024-12-24,17714,649,0,2,Dec
203,How Much Do Short-Form Content Creators In India Earn? ft. @Mrwhosetheboss #shorts,2024-12-24,41776,1696,0,4,Dec
